STRUCTURE,STRUCTURE_ID,ACTION,FREQ,REF_AREA,INDICATOR,SEX,AGE,URBANISATION,UNIT_MEASURE,COMP_BREAKDOWN_1,COMP_BREAKDOWN_2,COMP_BREAKDOWN_3,UNIT_TYPE,DATABASE_ID,TIME_FORMAT,UNIT_MULT,OBS_CONF,OBS_STATUS,FREQ_LABEL,REF_AREA_LABEL,INDICATOR_LABEL,SEX_LABEL,AGE_LABEL,URBANISATION_LABEL,UNIT_MEASURE_LABEL,COMP_BREAKDOWN_1_LABEL,COMP_BREAKDOWN_2_LABEL,COMP_BREAKDOWN_3_LABEL,UNIT_TYPE_LABEL,DATABASE_ID_LABEL,TIME_FORMAT_LABEL,UNIT_MULT_LABEL,OBS_STATUS_LABEL,OBS_CONF_LABEL,2006,2008,2010,2012,2014,2016,2018,2020,2022,2024,2026
datastructure,WB.DATA360:DS_DATA360(1.2),I,A,SDN,BS_BTI_Q6,_Z,_Z,_Z,0_TO_10,_Z,_Z,_Z,IX,BS_BTI,602,0,PU,A,Annual,Sudan,Bertelsmann Transformation Index: Level of Socioeconomic Development,Not applicable,Not applicable,Not applicable,0-10 scale,Not Applicable,Not Applicable,Not Applicable,Index,The Bertelsmann Stiftung’s Transformation Index (BTI),CCYY,Units,Normal value,Public,2.0,2.0,2.0,2.0,2.0,2.0,2.0,2.0,1.0,1.0,1.0
datastructure,WB.DATA360:DS_DATA360(1.2),I,A,ZWE,BS_BTI_Q6,_Z,_Z,_Z,0_TO_10,_Z,_Z,_Z,IX,BS_BTI,602,0,PU,A,Annual,Zimbabwe,Bertelsmann Transformation Index: Level of Socioeconomic Development,Not applicable,Not applicable,Not applicable,0-10 scale,Not Applicable,Not Applicable,Not Applicable,Index,The Bertelsmann Stiftung’s Transformation Index (BTI),CCYY,Units,Normal value,Public,4.0,3.0,2.0,3.0,3.0,3.0,2.0,2.0,2.0,2.0,2.0
datastructure,WB.DATA360:DS_DATA360(1.2),I,A,PRY,BS_BTI_Q6,_Z,_Z,_Z,0_TO_10,_Z,_Z,_Z,IX,BS_BTI,602,0,PU,A,Annual,Paraguay,Bertelsmann Transformation Index: Level of Socioeconomic Development,Not applicable,Not applicable,Not applicable,0-10 scale,Not Applicable,Not Applicable,Not Applicable,Index,The Bertelsmann Stiftung’s Transformation Index (BTI),CCYY,Units,Normal value,Public,4.0,4.0,4.0,4.0,4.0,4.0,4.0,4.0,4.0,4.0,4.0
datastructure,WB.DATA360:DS_DATA360(1.2),I,A,TLS,BS_BTI_Q6,_Z,_Z,_Z,0_TO_10,_Z,_Z,_Z,IX,BS_BTI,602,0,PU,A,Annual,Timor-Leste,Bertelsmann Transformation Index: Level of Socioeconomic Development,Not applicable,Not applicable,Not applicable,0-10 scale,Not Applicable,Not Applicable,Not Applicable,Index,The Bertelsmann Stiftung’s Transformation Index (BTI),CCYY,Units,Normal value,Public,,,,,,,,3.0,2.0,2.0,2.0
datastructure,WB.DATA360:DS_DATA360(1.2),I,A,SLE,BS_BTI_Q6,_Z,_Z,_Z,0_TO_10,_Z,_Z,_Z,IX,BS_BTI,602,0,PU,A,Annual,Sierra Leone,Bertelsmann Transformation Index: Level of Socioeconomic Development,Not applicable,Not applicable,Not applicable,0-10 scale,Not Applicable,Not Applicable,Not Applicable,Index,The Bertelsmann Stiftung’s Transformation Index (BTI),CCYY,Units,Normal value,Public,1.0,1.0,1.0,1.0,1.0,1.0,1.0,1.0,1.0,1.0,1.0
datastructure,WB.DATA360:DS_DATA360(1.2),I,A,BWA,BS_BTI_Q6,_Z,_Z,_Z,0_TO_10,_Z,_Z,_Z,IX,BS_BTI,602,0,PU,A,Annual,Botswana,Bertelsmann Transformation Index: Level of Socioeconomic Development,Not applicable,Not applicable,Not applicable,0-10 scale,Not Applicable,Not Applicable,Not Applicable,Index,The Bertelsmann Stiftung’s Transformation Index (BTI),CCYY,Units,Normal value,Public,5.0,5.0,5.0,4.0,5.0,5.0,5.0,5.0,4.0,4.0,4.0
datastructure,WB.DATA360:DS_DATA360(1.2),I,A,MYS,BS_BTI_Q6,_Z,_Z,_Z,0_TO_10,_Z,_Z,_Z,IX,BS_BTI,602,0,PU,A,Annual,Malaysia,Bertelsmann Transformation Index: Level of Socioeconomic Development,Not applicable,Not applicable,Not applicable,0-10 scale,Not Applicable,Not Applicable,Not Applicable,Index,The Bertelsmann Stiftung’s Transformation Index (BTI),CCYY,Units,Normal value,Public,7.0,7.0,7.0,7.0,7.0,7.0,7.0,7.0,7.0,7.0,7.0
datastructure,WB.DATA360:DS_DATA360(1.2),I,A,DOM,BS_BTI_Q6,_Z,_Z,_Z,0_TO_10,_Z,_Z,_Z,IX,BS_BTI,602,0,PU,A,Annual,Dominican Republic,Bertelsmann Transformation Index: Level of Socioeconomic Development,Not applicable,Not applicable,Not applicable,0-10 scale,Not Applicable,Not Applicable,Not Applicable,Index,The Bertelsmann Stiftung’s Transformation Index (BTI),CCYY,Units,Normal value,Public,5.0,5.0,5.0,5.0,5.0,5.0,5.0,5.0,5.0,6.0,6.0
datastructure,WB.DATA360:DS_DATA360(1.2),I,A,SAU,BS_BTI_Q6,_Z,_Z,_Z,0_TO_10,_Z,_Z,_Z,IX,BS_BTI,602,0,PU,A,Annual,Saudi Arabia,Bertelsmann Transformation Index: Level of Socioeconomic Development,Not applicable,Not applicable,Not applicable,0-10 scale,Not Applicable,Not Applicable,Not Applicable,Index,The Bertelsmann Stiftung’s Transformation Index (BTI),CCYY,Units,Normal value,Public,4.0,5.0,5.0,4.0,4.0,5.0,5.0,6.0,6.0,6.0,6.0
datastructure,WB.DATA360:DS_DATA360(1.2),I,A,DZA,BS_BTI_Q6,_Z,_Z,_Z,0_TO_10,_Z,_Z,_Z,IX,BS_BTI,602,0,PU,A,Annual,Algeria,Bertelsmann Transformation Index: Level of Socioeconomic Development,Not applicable,Not applicable,Not applicable,0-10 scale,Not Applicable,Not Applicable,Not Applicable,Index,The Bertelsmann Stiftung’s Transformation Index (BTI),CCYY,Units,Normal value,Public,4.0,5.0,5.0,5.0,5.0,5.0,5.0,5.0,5.0,5.0,5.0
datastructure,WB.DATA360:DS_DATA360(1.2),I,A,TJK,BS_BTI_Q6,_Z,_Z,_Z,0_TO_10,_Z,_Z,_Z,IX,BS_BTI,602,0,PU,A,Annual,Tajikistan,Bertelsmann Transformation Index: Level of Socioeconomic Development,Not applicable,Not applicable,Not applicable,0-10 scale,Not Applicable,Not Applicable,Not Applicable,Index,The Bertelsmann Stiftung’s Transformation Index (BTI),CCYY,Units,Normal value,Public,2.0,2.0,2.0,3.0,3.0,4.0,3.0,3.0,3.0,3.0,3.0
datastructure,WB.DATA360:DS_DATA360(1.2),I,A,BGR,BS_BTI_Q6,_Z,_Z,_Z,0_TO_10,_Z,_Z,_Z,IX,BS_BTI,602,0,PU,A,Annual,Bulgaria,Bertelsmann Transformation Index: Level of Socioeconomic Development,Not applicable,Not applicable,Not applicable,0-10 scale,Not Applicable,Not Applicable,Not Applicable,Index,The Bertelsmann Stiftung’s Transformation Index (BTI),CCYY,Units,Normal value,Public,6.0,7.0,7.0,7.0,7.0,7.0,7.0,6.0,6.0,6.0,6.0
datastructure,WB.DATA360:DS_DATA360(1.2),I,A,THA,BS_BTI_Q6,_Z,_Z,_Z,0_TO_10,_Z,_Z,_Z,IX,BS_BTI,602,0,PU,A,Annual,Thailand,Bertelsmann Transformation Index: Level of Socioeconomic Development,Not applicable,Not applicable,Not applicable,0-10 scale,Not Applicable,Not Applicable,Not Applicable,Index,The Bertelsmann Stiftung’s Transformation Index (BTI),CCYY,Units,Normal value,Public,7.0,6.0,6.0,6.0,6.0,6.0,6.0,6.0,6.0,6.0,6.0
datastructure,WB.DATA360:DS_DATA360(1.2),I,A,BTN,BS_BTI_Q6,_Z,_Z,_Z,0_TO_10,_Z,_Z,_Z,IX,BS_BTI,602,0,PU,A,Annual,Bhutan,Bertelsmann Transformation Index: Level of Socioeconomic Development,Not applicable,Not applicable,Not applicable,0-10 scale,Not Applicable,Not Applicable,Not Applicable,Index,The Bertelsmann Stiftung’s Transformation Index (BTI),CCYY,Units,Normal value,Public,,2.0,2.0,3.0,4.0,5.0,5.0,5.0,5.0,5.0,5.0
datastructure,WB.DATA360:DS_DATA360(1.2),I,A,AFG,BS_BTI_Q6,_Z,_Z,_Z,0_TO_10,_Z,_Z,_Z,IX,BS_BTI,602,0,PU,A,Annual,Afghanistan,Bertelsmann Transformation Index: Level of Socioeconomic Development,Not applicable,Not applicable,Not applicable,0-10 scale,Not Applicable,Not Applicable,Not Applicable,Index,The Bertelsmann Stiftung’s Transformation Index (BTI),CCYY,Units,Normal value,Public,1.0,1.0,1.0,1.0,1.0,1.0,1.0,1.0,1.0,1.0,1.0
datastructure,WB.DATA360:DS_DATA360(1.2),I,A,SWZ,BS_BTI_Q6,_Z,_Z,_Z,0_TO_10,_Z,_Z,_Z,IX,BS_BTI,602,0,PU,A,Annual,Eswatini,Bertelsmann Transformation Index: Level of Socioeconomic Development,Not applicable,Not applicable,Not applicable,0-10 scale,Not Applicable,Not Applicable,Not Applicable,Index,The Bertelsmann Stiftung’s Transformation Index (BTI),CCYY,Units,Normal value,Public,,,,,,,,2.0,2.0,2.0,2.0
datastructure,WB.DATA360:DS_DATA360(1.2),I,A,MOZ,BS_BTI_Q6,_Z,_Z,_Z,0_TO_10,_Z,_Z,_Z,IX,BS_BTI,602,0,PU,A,Annual,Mozambique,Bertelsmann Transformation Index: Level of Socioeconomic Development,Not applicable,Not applicable,Not applicable,0-10 scale,Not Applicable,Not Applicable,Not Applicable,Index,The Bertelsmann Stiftung’s Transformation Index (BTI),CCYY,Units,Normal value,Public,3.0,2.0,3.0,3.0,2.0,2.0,2.0,1.0,1.0,1.0,1.0
datastructure,WB.DATA360:DS_DATA360(1.2),I,A,LVA,BS_BTI_Q6,_Z,_Z,_Z,0_TO_10,_Z,_Z,_Z,IX,BS_BTI,602,0,PU,A,Annual,Latvia,Bertelsmann Transformation Index: Level of Socioeconomic Development,Not applicable,Not applicable,Not applicable,0-10 scale,Not Applicable,Not Applicable,Not Applicable,Index,The Bertelsmann Stiftung’s Transformation Index (BTI),CCYY,Units,Normal value,Public,7.0,8.0,8.0,7.0,7.0,7.0,7.0,7.0,7.0,7.0,8.0
datastructure,WB.DATA360:DS_DATA360(1.2),I,A,PER,BS_BTI_Q6,_Z,_Z,_Z,0_TO_10,_Z,_Z,_Z,IX,BS_BTI,602,0,PU,A,Annual,Peru,Bertelsmann Transformation Index: Level of Socioeconomic Development,Not applicable,Not applicable,Not applicable,0-10 scale,Not Applicable,Not Applicable,Not Applicable,Index,The Bertelsmann Stiftung’s Transformation Index (BTI),CCYY,Units,Normal value,Public,4.0,4.0,4.0,5.0,5.0,5.0,5.0,5.0,4.0,4.0,4.0
datastructure,WB.DATA360:DS_DATA360(1.2),I,A,COG,BS_BTI_Q6,_Z,_Z,_Z,0_TO_10,_Z,_Z,_Z,IX,BS_BTI,602,0,PU,A,Annual,"Congo, Rep.",Bertelsmann Transformation Index: Level of Socioeconomic Development,Not applicable,Not applicable,Not applicable,0-10 scale,Not Applicable,Not Applicable,Not Applicable,Index,The Bertelsmann Stiftung’s Transformation Index (BTI),CCYY,Units,Normal value,Public,,3.0,3.0,3.0,3.0,3.0,3.0,3.0,3.0,3.0,3.0
datastructure,WB.DATA360:DS_DATA360(1.2),I,A,BGD,BS_BTI_Q6,_Z,_Z,_Z,0_TO_10,_Z,_Z,_Z,IX,BS_BTI,602,0,PU,A,Annual,Bangladesh,Bertelsmann Transformation Index: Level of Socioeconomic Development,Not applicable,Not applicable,Not applicable,0-10 scale,Not Applicable,Not Applicable,Not Applicable,Index,The Bertelsmann Stiftung’s Transformation Index (BTI),CCYY,Units,Normal value,Public,4.0,4.0,4.0,4.0,4.0,4.0,4.0,4.0,3.0,3.0,4.0
datastructure,WB.DATA360:DS_DATA360(1.2),I,A,LBN,BS_BTI_Q6,_Z,_Z,_Z,0_TO_10,_Z,_Z,_Z,IX,BS_BTI,602,0,PU,A,Annual,Lebanon,Bertelsmann Transformation Index: Level of Socioeconomic Development,Not applicable,Not applicable,Not applicable,0-10 scale,Not Applicable,Not Applicable,Not Applicable,Index,The Bertelsmann Stiftung’s Transformation Index (BTI),CCYY,Units,Normal value,Public,5.0,6.0,5.0,5.0,5.0,4.0,4.0,4.0,3.0,3.0,3.0
datastructure,WB.DATA360:DS_DATA360(1.2),I,A,XKX,BS_BTI_Q6,_Z,_Z,_Z,0_TO_10,_Z,_Z,_Z,IX,BS_BTI,602,0,PU,A,Annual,Kosovo,Bertelsmann Transformation Index: Level of Socioeconomic Development,Not applicable,Not applicable,Not applicable,0-10 scale,Not Applicable,Not Applicable,Not Applicable,Index,The Bertelsmann Stiftung’s Transformation Index (BTI),CCYY,Units,Normal value,Public,,,5.0,5.0,5.0,5.0,5.0,5.0,5.0,5.0,5.0
datastructure,WB.DATA360:DS_DATA360(1.2),I,A,CZE,BS_BTI_Q6,_Z,_Z,_Z,0_TO_10,_Z,_Z,_Z,IX,BS_BTI,602,0,PU,A,Annual,Czechia,Bertelsmann Transformation Index: Level of Socioeconomic Development,Not applicable,Not applicable,Not applicable,0-10 scale,Not Applicable,Not Applicable,Not Applicable,Index,The Bertelsmann Stiftung’s Transformation Index (BTI),CCYY,Units,Normal value,Public,9.0,10.0,10.0,10.0,10.0,10.0,10.0,10.0,9.0,9.0,9.0
datastructure,WB.DATA360:DS_DATA360(1.2),I,A,AGO,BS_BTI_Q6,_Z,_Z,_Z,0_TO_10,_Z,_Z,_Z,IX,BS_BTI,602,0,PU,A,Annual,Angola,Bertelsmann Transformation Index: Level of Socioeconomic Development,Not applicable,Not applicable,Not applicable,0-10 scale,Not Applicable,Not Applicable,Not Applicable,Index,The Bertelsmann Stiftung’s Transformation Index (BTI),CCYY,Units,Normal value,Public,1.0,2.0,2.0,3.0,2.0,2.0,2.0,2.0,2.0,2.0,2.0
datastructure,WB.DATA360:DS_DATA360(1.2),I,A,SGP,BS_BTI_Q6,_Z,_Z,_Z,0_TO_10,_Z,_Z,_Z,IX,BS_BTI,602,0,PU,A,Annual,Singapore,Bertelsmann Transformation Index: Level of Socioeconomic Development,Not applicable,Not applicable,Not applicable,0-10 scale,Not Applicable,Not Applicable,Not Applicable,Index,The Bertelsmann Stiftung’s Transformation Index (BTI),CCYY,Units,Normal value,Public,9.0,10.0,9.0,9.0,9.0,9.0,9.0,9.0,9.0,9.0,8.0
datastructure,WB.DATA360:DS_DATA360(1.2),I,A,IND,BS_BTI_Q6,_Z,_Z,_Z,0_TO_10,_Z,_Z,_Z,IX,BS_BTI,602,0,PU,A,Annual,India,Bertelsmann Transformation Index: Level of Socioeconomic Development,Not applicable,Not applicable,Not applicable,0-10 scale,Not Applicable,Not Applicable,Not Applicable,Index,The Bertelsmann Stiftung’s Transformation Index (BTI),CCYY,Units,Normal value,Public,5.0,5.0,5.0,4.0,4.0,4.0,4.0,4.0,4.0,4.0,4.0
datastructure,WB.DATA360:DS_DATA360(1.2),I,A,ROU,BS_BTI_Q6,_Z,_Z,_Z,0_TO_10,_Z,_Z,_Z,IX,BS_BTI,602,0,PU,A,Annual,Romania,Bertelsmann Transformation Index: Level of Socioeconomic Development,Not applicable,Not applicable,Not applicable,0-10 scale,Not Applicable,Not Applicable,Not Applicable,Index,The Bertelsmann Stiftung’s Transformation Index (BTI),CCYY,Units,Normal value,Public,6.0,7.0,7.0,7.0,7.0,7.0,7.0,7.0,7.0,7.0,7.0
datastructure,WB.DATA360:DS_DATA360(1.2),I,A,ZMB,BS_BTI_Q6,_Z,_Z,_Z,0_TO_10,_Z,_Z,_Z,IX,BS_BTI,602,0,PU,A,Annual,Zambia,Bertelsmann Transformation Index: Level of Socioeconomic Development,Not applicable,Not applicable,Not applicable,0-10 scale,Not Applicable,Not Applicable,Not Applicable,Index,The Bertelsmann Stiftung’s Transformation Index (BTI),CCYY,Units,Normal value,Public,3.0,2.0,3.0,3.0,3.0,3.0,3.0,3.0,2.0,2.0,2.0
datastructure,WB.DATA360:DS_DATA360(1.2),I,A,MMR,BS_BTI_Q6,_Z,_Z,_Z,0_TO_10,_Z,_Z,_Z,IX,BS_BTI,602,0,PU,A,Annual,Myanmar,Bertelsmann Transformation Index: Level of Socioeconomic Development,Not applicable,Not applicable,Not applicable,0-10 scale,Not Applicable,Not Applicable,Not Applicable,Index,The Bertelsmann Stiftung’s Transformation Index (BTI),CCYY,Units,Normal value,Public,1.0,2.0,1.0,1.0,2.0,2.0,2.0,2.0,2.0,2.0,1.0
datastructure,WB.DATA360:DS_DATA360(1.2),I,A,CIV,BS_BTI_Q6,_Z,_Z,_Z,0_TO_10,_Z,_Z,_Z,IX,BS_BTI,602,0,PU,A,Annual,Cote d'Ivoire,Bertelsmann Transformation Index: Level of Socioeconomic Development,Not applicable,Not applicable,Not applicable,0-10 scale,Not Applicable,Not Applicable,Not Applicable,Index,The Bertelsmann Stiftung’s Transformation Index (BTI),CCYY,Units,Normal value,Public,2.0,2.0,2.0,2.0,2.0,2.0,2.0,2.0,2.0,2.0,2.0
datastructure,WB.DATA360:DS_DATA360(1.2),I,A,MKD,BS_BTI_Q6,_Z,_Z,_Z,0_TO_10,_Z,_Z,_Z,IX,BS_BTI,602,0,PU,A,Annual,North Macedonia,Bertelsmann Transformation Index: Level of Socioeconomic Development,Not applicable,Not applicable,Not applicable,0-10 scale,Not Applicable,Not Applicable,Not Applicable,Index,The Bertelsmann Stiftung’s Transformation Index (BTI),CCYY,Units,Normal value,Public,6.0,7.0,6.0,6.0,6.0,6.0,6.0,6.0,6.0,6.0,6.0
datastructure,WB.DATA360:DS_DATA360(1.2),I,A,COL,BS_BTI_Q6,_Z,_Z,_Z,0_TO_10,_Z,_Z,_Z,IX,BS_BTI,602,0,PU,A,Annual,Colombia,Bertelsmann Transformation Index: Level of Socioeconomic Development,Not applicable,Not applicable,Not applicable,0-10 scale,Not Applicable,Not Applicable,Not Applicable,Index,The Bertelsmann Stiftung’s Transformation Index (BTI),CCYY,Units,Normal value,Public,6.0,6.0,5.0,5.0,5.0,5.0,5.0,5.0,5.0,5.0,5.0
datastructure,WB.DATA360:DS_DATA360(1.2),I,A,SLV,BS_BTI_Q6,_Z,_Z,_Z,0_TO_10,_Z,_Z,_Z,IX,BS_BTI,602,0,PU,A,Annual,El Salvador,Bertelsmann Transformation Index: Level of Socioeconomic Development,Not applicable,Not applicable,Not applicable,0-10 scale,Not Applicable,Not Applicable,Not Applicable,Index,The Bertelsmann Stiftung’s Transformation Index (BTI),CCYY,Units,Normal value,Public,4.0,4.0,4.0,4.0,4.0,4.0,4.0,4.0,4.0,4.0,4.0
datastructure,WB.DATA360:DS_DATA360(1.2),I,A,SVN,BS_BTI_Q6,_Z,_Z,_Z,0_TO_10,_Z,_Z,_Z,IX,BS_BTI,602,0,PU,A,Annual,Slovenia,Bertelsmann Transformation Index: Level of Socioeconomic Development,Not applicable,Not applicable,Not applicable,0-10 scale,Not Applicable,Not Applicable,Not Applicable,Index,The Bertelsmann Stiftung’s Transformation Index (BTI),CCYY,Units,Normal value,Public,10.0,10.0,10.0,10.0,10.0,10.0,10.0,10.0,10.0,10.0,10.0
datastructure,WB.DATA360:DS_DATA360(1.2),I,A,ARM,BS_BTI_Q6,_Z,_Z,_Z,0_TO_10,_Z,_Z,_Z,IX,BS_BTI,602,0,PU,A,Annual,Armenia,Bertelsmann Transformation Index: Level of Socioeconomic Development,Not applicable,Not applicable,Not applicable,0-10 scale,Not Applicable,Not Applicable,Not Applicable,Index,The Bertelsmann Stiftung’s Transformation Index (BTI),CCYY,Units,Normal value,Public,4.0,4.0,4.0,4.0,4.0,4.0,4.0,5.0,5.0,5.0,6.0
datastructure,WB.DATA360:DS_DATA360(1.2),I,A,KHM,BS_BTI_Q6,_Z,_Z,_Z,0_TO_10,_Z,_Z,_Z,IX,BS_BTI,602,0,PU,A,Annual,Cambodia,Bertelsmann Transformation Index: Level of Socioeconomic Development,Not applicable,Not applicable,Not applicable,0-10 scale,Not Applicable,Not Applicable,Not Applicable,Index,The Bertelsmann Stiftung’s Transformation Index (BTI),CCYY,Units,Normal value,Public,4.0,4.0,4.0,4.0,4.0,4.0,4.0,4.0,4.0,4.0,4.0
datastructure,WB.DATA360:DS_DATA360(1.2),I,A,CRI,BS_BTI_Q6,_Z,_Z,_Z,0_TO_10,_Z,_Z,_Z,IX,BS_BTI,602,0,PU,A,Annual,Costa Rica,Bertelsmann Transformation Index: Level of Socioeconomic Development,Not applicable,Not applicable,Not applicable,0-10 scale,Not Applicable,Not Applicable,Not Applicable,Index,The Bertelsmann Stiftung’s Transformation Index (BTI),CCYY,Units,Normal value,Public,8.0,8.0,8.0,7.0,7.0,6.0,6.0,6.0,6.0,6.0,7.0
datastructure,WB.DATA360:DS_DATA360(1.2),I,A,SRB,BS_BTI_Q6,_Z,_Z,_Z,0_TO_10,_Z,_Z,_Z,IX,BS_BTI,602,0,PU,A,Annual,Serbia,Bertelsmann Transformation Index: Level of Socioeconomic Development,Not applicable,Not applicable,Not applicable,0-10 scale,Not Applicable,Not Applicable,Not Applicable,Index,The Bertelsmann Stiftung’s Transformation Index (BTI),CCYY,Units,Normal value,Public,6.0,6.0,6.0,6.0,6.0,6.0,6.0,6.0,6.0,6.0,6.0
datastructure,WB.DATA360:DS_DATA360(1.2),I,A,MLI,BS_BTI_Q6,_Z,_Z,_Z,0_TO_10,_Z,_Z,_Z,IX,BS_BTI,602,0,PU,A,Annual,Mali,Bertelsmann Transformation Index: Level of Socioeconomic Development,Not applicable,Not applicable,Not applicable,0-10 scale,Not Applicable,Not Applicable,Not Applicable,Index,The Bertelsmann Stiftung’s Transformation Index (BTI),CCYY,Units,Normal value,Public,1.0,2.0,1.0,1.0,1.0,1.0,1.0,1.0,1.0,1.0,1.0
datastructure,WB.DATA360:DS_DATA360(1.2),I,A,TUR,BS_BTI_Q6,_Z,_Z,_Z,0_TO_10,_Z,_Z,_Z,IX,BS_BTI,602,0,PU,A,Annual,Turkiye,Bertelsmann Transformation Index: Level of Socioeconomic Development,Not applicable,Not applicable,Not applicable,0-10 scale,Not Applicable,Not Applicable,Not Applicable,Index,The Bertelsmann Stiftung’s Transformation Index (BTI),CCYY,Units,Normal value,Public,5.0,6.0,5.0,5.0,5.0,5.0,5.0,5.0,5.0,5.0,5.0
datastructure,WB.DATA360:DS_DATA360(1.2),I,A,GAB,BS_BTI_Q6,_Z,_Z,_Z,0_TO_10,_Z,_Z,_Z,IX,BS_BTI,602,0,PU,A,Annual,Gabon,Bertelsmann Transformation Index: Level of Socioeconomic Development,Not applicable,Not applicable,Not applicable,0-10 scale,Not Applicable,Not Applicable,Not Applicable,Index,The Bertelsmann Stiftung’s Transformation Index (BTI),CCYY,Units,Normal value,Public,,,,,,,,4.0,4.0,4.0,4.0
datastructure,WB.DATA360:DS_DATA360(1.2),I,A,CAF,BS_BTI_Q6,_Z,_Z,_Z,0_TO_10,_Z,_Z,_Z,IX,BS_BTI,602,0,PU,A,Annual,Central African Republic,Bertelsmann Transformation Index: Level of Socioeconomic Development,Not applicable,Not applicable,Not applicable,0-10 scale,Not Applicable,Not Applicable,Not Applicable,Index,The Bertelsmann Stiftung’s Transformation Index (BTI),CCYY,Units,Normal value,Public,1.0,1.0,1.0,1.0,1.0,1.0,1.0,1.0,1.0,1.0,1.0
datastructure,WB.DATA360:DS_DATA360(1.2),I,A,CHN,BS_BTI_Q6,_Z,_Z,_Z,0_TO_10,_Z,_Z,_Z,IX,BS_BTI,602,0,PU,A,Annual,China,Bertelsmann Transformation Index: Level of Socioeconomic Development,Not applicable,Not applicable,Not applicable,0-10 scale,Not Applicable,Not Applicable,Not Applicable,Index,The Bertelsmann Stiftung’s Transformation Index (BTI),CCYY,Units,Normal value,Public,5.0,5.0,5.0,5.0,5.0,5.0,5.0,5.0,5.0,5.0,5.0
datastructure,WB.DATA360:DS_DATA360(1.2),I,A,BLR,BS_BTI_Q6,_Z,_Z,_Z,0_TO_10,_Z,_Z,_Z,IX,BS_BTI,602,0,PU,A,Annual,Belarus,Bertelsmann Transformation Index: Level of Socioeconomic Development,Not applicable,Not applicable,Not applicable,0-10 scale,Not Applicable,Not Applicable,Not Applicable,Index,The Bertelsmann Stiftung’s Transformation Index (BTI),CCYY,Units,Normal value,Public,7.0,7.0,7.0,6.0,7.0,7.0,7.0,7.0,7.0,7.0,7.0
datastructure,WB.DATA360:DS_DATA360(1.2),I,A,IRN,BS_BTI_Q6,_Z,_Z,_Z,0_TO_10,_Z,_Z,_Z,IX,BS_BTI,602,0,PU,A,Annual,"Iran, Islamic Rep.",Bertelsmann Transformation Index: Level of Socioeconomic Development,Not applicable,Not applicable,Not applicable,0-10 scale,Not Applicable,Not Applicable,Not Applicable,Index,The Bertelsmann Stiftung’s Transformation Index (BTI),CCYY,Units,Normal value,Public,4.0,4.0,4.0,5.0,4.0,3.0,3.0,3.0,3.0,2.0,2.0
datastructure,WB.DATA360:DS_DATA360(1.2),I,A,URY,BS_BTI_Q6,_Z,_Z,_Z,0_TO_10,_Z,_Z,_Z,IX,BS_BTI,602,0,PU,A,Annual,Uruguay,Bertelsmann Transformation Index: Level of Socioeconomic Development,Not applicable,Not applicable,Not applicable,0-10 scale,Not Applicable,Not Applicable,Not Applicable,Index,The Bertelsmann Stiftung’s Transformation Index (BTI),CCYY,Units,Normal value,Public,8.0,8.0,9.0,8.0,8.0,8.0,7.0,7.0,7.0,7.0,7.0
datastructure,WB.DATA360:DS_DATA360(1.2),I,A,HUN,BS_BTI_Q6,_Z,_Z,_Z,0_TO_10,_Z,_Z,_Z,IX,BS_BTI,602,0,PU,A,Annual,Hungary,Bertelsmann Transformation Index: Level of Socioeconomic Development,Not applicable,Not applicable,Not applicable,0-10 scale,Not Applicable,Not Applicable,Not Applicable,Index,The Bertelsmann Stiftung’s Transformation Index (BTI),CCYY,Units,Normal value,Public,9.0,10.0,9.0,9.0,8.0,8.0,8.0,7.0,7.0,7.0,7.0
datastructure,WB.DATA360:DS_DATA360(1.2),I,A,PHL,BS_BTI_Q6,_Z,_Z,_Z,0_TO_10,_Z,_Z,_Z,IX,BS_BTI,602,0,PU,A,Annual,Philippines,Bertelsmann Transformation Index: Level of Socioeconomic Development,Not applicable,Not applicable,Not applicable,0-10 scale,Not Applicable,Not Applicable,Not Applicable,Index,The Bertelsmann Stiftung’s Transformation Index (BTI),CCYY,Units,Normal value,Public,5.0,5.0,5.0,5.0,5.0,5.0,5.0,5.0,4.0,4.0,5.0
datastructure,WB.DATA360:DS_DATA360(1.2),I,A,ZAF,BS_BTI_Q6,_Z,_Z,_Z,0_TO_10,_Z,_Z,_Z,IX,BS_BTI,602,0,PU,A,Annual,South Africa,Bertelsmann Transformation Index: Level of Socioeconomic Development,Not applicable,Not applicable,Not applicable,0-10 scale,Not Applicable,Not Applicable,Not Applicable,Index,The Bertelsmann Stiftung’s Transformation Index (BTI),CCYY,Units,Normal value,Public,5.0,5.0,5.0,5.0,5.0,5.0,4.0,4.0,3.0,3.0,3.0
datastructure,WB.DATA360:DS_DATA360(1.2),I,A,SSD,BS_BTI_Q6,_Z,_Z,_Z,0_TO_10,_Z,_Z,_Z,IX,BS_BTI,602,0,PU,A,Annual,South Sudan,Bertelsmann Transformation Index: Level of Socioeconomic Development,Not applicable,Not applicable,Not applicable,0-10 scale,Not Applicable,Not Applicable,Not Applicable,Index,The Bertelsmann Stiftung’s Transformation Index (BTI),CCYY,Units,Normal value,Public,,,,,1.0,1.0,1.0,1.0,1.0,1.0,1.0
datastructure,WB.DATA360:DS_DATA360(1.2),I,A,GNQ,BS_BTI_Q6,_Z,_Z,_Z,0_TO_10,_Z,_Z,_Z,IX,BS_BTI,602,0,PU,A,Annual,Equatorial Guinea,Bertelsmann Transformation Index: Level of Socioeconomic Development,Not applicable,Not applicable,Not applicable,0-10 scale,Not Applicable,Not Applicable,Not Applicable,Index,The Bertelsmann Stiftung’s Transformation Index (BTI),CCYY,Units,Normal value,Public,,,,,,,,2.0,2.0,2.0,3.0
datastructure,WB.DATA360:DS_DATA360(1.2),I,A,BRA,BS_BTI_Q6,_Z,_Z,_Z,0_TO_10,_Z,_Z,_Z,IX,BS_BTI,602,0,PU,A,Annual,Brazil,Bertelsmann Transformation Index: Level of Socioeconomic Development,Not applicable,Not applicable,Not applicable,0-10 scale,Not Applicable,Not Applicable,Not Applicable,Index,The Bertelsmann Stiftung’s Transformation Index (BTI),CCYY,Units,Normal value,Public,6.0,6.0,6.0,6.0,6.0,6.0,6.0,6.0,6.0,5.0,5.0
datastructure,WB.DATA360:DS_DATA360(1.2),I,A,PAN,BS_BTI_Q6,_Z,_Z,_Z,0_TO_10,_Z,_Z,_Z,IX,BS_BTI,602,0,PU,A,Annual,Panama,Bertelsmann Transformation Index: Level of Socioeconomic Development,Not applicable,Not applicable,Not applicable,0-10 scale,Not Applicable,Not Applicable,Not Applicable,Index,The Bertelsmann Stiftung’s Transformation Index (BTI),CCYY,Units,Normal value,Public,6.0,6.0,6.0,5.0,5.0,5.0,5.0,5.0,5.0,5.0,5.0
datastructure,WB.DATA360:DS_DATA360(1.2),I,A,CHL,BS_BTI_Q6,_Z,_Z,_Z,0_TO_10,_Z,_Z,_Z,IX,BS_BTI,602,0,PU,A,Annual,Chile,Bertelsmann Transformation Index: Level of Socioeconomic Development,Not applicable,Not applicable,Not applicable,0-10 scale,Not Applicable,Not Applicable,Not Applicable,Index,The Bertelsmann Stiftung’s Transformation Index (BTI),CCYY,Units,Normal value,Public,8.0,8.0,8.0,7.0,7.0,7.0,7.0,7.0,7.0,7.0,7.0
datastructure,WB.DATA360:DS_DATA360(1.2),I,A,TUN,BS_BTI_Q6,_Z,_Z,_Z,0_TO_10,_Z,_Z,_Z,IX,BS_BTI,602,0,PU,A,Annual,Tunisia,Bertelsmann Transformation Index: Level of Socioeconomic Development,Not applicable,Not applicable,Not applicable,0-10 scale,Not Applicable,Not Applicable,Not Applicable,Index,The Bertelsmann Stiftung’s Transformation Index (BTI),CCYY,Units,Normal value,Public,5.0,5.0,4.0,5.0,5.0,5.0,5.0,5.0,5.0,5.0,5.0
datastructure,WB.DATA360:DS_DATA360(1.2),I,A,EGY,BS_BTI_Q6,_Z,_Z,_Z,0_TO_10,_Z,_Z,_Z,IX,BS_BTI,602,0,PU,A,Annual,"Egypt, Arab Rep.",Bertelsmann Transformation Index: Level of Socioeconomic Development,Not applicable,Not applicable,Not applicable,0-10 scale,Not Applicable,Not Applicable,Not Applicable,Index,The Bertelsmann Stiftung’s Transformation Index (BTI),CCYY,Units,Normal value,Public,3.0,4.0,3.0,3.0,3.0,3.0,3.0,3.0,3.0,3.0,3.0
datastructure,WB.DATA360:DS_DATA360(1.2),I,A,TTO,BS_BTI_Q6,_Z,_Z,_Z,0_TO_10,_Z,_Z,_Z,IX,BS_BTI,602,0,PU,A,Annual,Trinidad and Tobago,Bertelsmann Transformation Index: Level of Socioeconomic Development,Not applicable,Not applicable,Not applicable,0-10 scale,Not Applicable,Not Applicable,Not Applicable,Index,The Bertelsmann Stiftung’s Transformation Index (BTI),CCYY,Units,Normal value,Public,,,,,,,,6.0,6.0,6.0,6.0
datastructure,WB.DATA360:DS_DATA360(1.2),I,A,SOM,BS_BTI_Q6,_Z,_Z,_Z,0_TO_10,_Z,_Z,_Z,IX,BS_BTI,602,0,PU,A,Annual,Somalia,Bertelsmann Transformation Index: Level of Socioeconomic Development,Not applicable,Not applicable,Not applicable,0-10 scale,Not Applicable,Not Applicable,Not Applicable,Index,The Bertelsmann Stiftung’s Transformation Index (BTI),CCYY,Units,Normal value,Public,1.0,1.0,1.0,1.0,1.0,1.0,1.0,1.0,1.0,1.0,1.0
datastructure,WB.DATA360:DS_DATA360(1.2),I,A,POL,BS_BTI_Q6,_Z,_Z,_Z,0_TO_10,_Z,_Z,_Z,IX,BS_BTI,602,0,PU,A,Annual,Poland,Bertelsmann Transformation Index: Level of Socioeconomic Development,Not applicable,Not applicable,Not applicable,0-10 scale,Not Applicable,Not Applicable,Not Applicable,Index,The Bertelsmann Stiftung’s Transformation Index (BTI),CCYY,Units,Normal value,Public,8.0,9.0,8.0,8.0,8.0,8.0,8.0,8.0,8.0,8.0,8.0
datastructure,WB.DATA360:DS_DATA360(1.2),I,A,QAT,BS_BTI_Q6,_Z,_Z,_Z,0_TO_10,_Z,_Z,_Z,IX,BS_BTI,602,0,PU,A,Annual,Qatar,Bertelsmann Transformation Index: Level of Socioeconomic Development,Not applicable,Not applicable,Not applicable,0-10 scale,Not Applicable,Not Applicable,Not Applicable,Index,The Bertelsmann Stiftung’s Transformation Index (BTI),CCYY,Units,Normal value,Public,,,9.0,9.0,9.0,8.0,8.0,8.0,8.0,8.0,8.0
datastructure,WB.DATA360:DS_DATA360(1.2),I,A,HRV,BS_BTI_Q6,_Z,_Z,_Z,0_TO_10,_Z,_Z,_Z,IX,BS_BTI,602,0,PU,A,Annual,Croatia,Bertelsmann Transformation Index: Level of Socioeconomic Development,Not applicable,Not applicable,Not applicable,0-10 scale,Not Applicable,Not Applicable,Not Applicable,Index,The Bertelsmann Stiftung’s Transformation Index (BTI),CCYY,Units,Normal value,Public,8.0,8.0,8.0,8.0,8.0,8.0,7.0,7.0,8.0,8.0,8.0
datastructure,WB.DATA360:DS_DATA360(1.2),I,A,PRK,BS_BTI_Q6,_Z,_Z,_Z,0_TO_10,_Z,_Z,_Z,IX,BS_BTI,602,0,PU,A,Annual,"Korea, Dem. People's Rep.",Bertelsmann Transformation Index: Level of Socioeconomic Development,Not applicable,Not applicable,Not applicable,0-10 scale,Not Applicable,Not Applicable,Not Applicable,Index,The Bertelsmann Stiftung’s Transformation Index (BTI),CCYY,Units,Normal value,Public,4.0,4.0,3.0,2.0,2.0,2.0,2.0,2.0,2.0,2.0,2.0
datastructure,WB.DATA360:DS_DATA360(1.2),I,A,BDI,BS_BTI_Q6,_Z,_Z,_Z,0_TO_10,_Z,_Z,_Z,IX,BS_BTI,602,0,PU,A,Annual,Burundi,Bertelsmann Transformation Index: Level of Socioeconomic Development,Not applicable,Not applicable,Not applicable,0-10 scale,Not Applicable,Not Applicable,Not Applicable,Index,The Bertelsmann Stiftung’s Transformation Index (BTI),CCYY,Units,Normal value,Public,1.0,3.0,3.0,2.0,2.0,2.0,2.0,1.0,1.0,1.0,1.0
datastructure,WB.DATA360:DS_DATA360(1.2),I,A,GMB,BS_BTI_Q6,_Z,_Z,_Z,0_TO_10,_Z,_Z,_Z,IX,BS_BTI,602,0,PU,A,Annual,"Gambia, The",Bertelsmann Transformation Index: Level of Socioeconomic Development,Not applicable,Not applicable,Not applicable,0-10 scale,Not Applicable,Not Applicable,Not Applicable,Index,The Bertelsmann Stiftung’s Transformation Index (BTI),CCYY,Units,Normal value,Public,,,,,,,,2.0,2.0,2.0,2.0
datastructure,WB.DATA360:DS_DATA360(1.2),I,A,MRT,BS_BTI_Q6,_Z,_Z,_Z,0_TO_10,_Z,_Z,_Z,IX,BS_BTI,602,0,PU,A,Annual,Mauritania,Bertelsmann Transformation Index: Level of Socioeconomic Development,Not applicable,Not applicable,Not applicable,0-10 scale,Not Applicable,Not Applicable,Not Applicable,Index,The Bertelsmann Stiftung’s Transformation Index (BTI),CCYY,Units,Normal value,Public,,3.0,3.0,3.0,3.0,3.0,3.0,3.0,3.0,3.0,3.0
datastructure,WB.DATA360:DS_DATA360(1.2),I,A,EST,BS_BTI_Q6,_Z,_Z,_Z,0_TO_10,_Z,_Z,_Z,IX,BS_BTI,602,0,PU,A,Annual,Estonia,Bertelsmann Transformation Index: Level of Socioeconomic Development,Not applicable,Not applicable,Not applicable,0-10 scale,Not Applicable,Not Applicable,Not Applicable,Index,The Bertelsmann Stiftung’s Transformation Index (BTI),CCYY,Units,Normal value,Public,8.0,8.0,8.0,8.0,8.0,8.0,8.0,8.0,8.0,8.0,8.0
datastructure,WB.DATA360:DS_DATA360(1.2),I,A,GTM,BS_BTI_Q6,_Z,_Z,_Z,0_TO_10,_Z,_Z,_Z,IX,BS_BTI,602,0,PU,A,Annual,Guatemala,Bertelsmann Transformation Index: Level of Socioeconomic Development,Not applicable,Not applicable,Not applicable,0-10 scale,Not Applicable,Not Applicable,Not Applicable,Index,The Bertelsmann Stiftung’s Transformation Index (BTI),CCYY,Units,Normal value,Public,3.0,3.0,3.0,3.0,3.0,3.0,3.0,3.0,3.0,3.0,3.0
datastructure,WB.DATA360:DS_DATA360(1.2),I,A,NAM,BS_BTI_Q6,_Z,_Z,_Z,0_TO_10,_Z,_Z,_Z,IX,BS_BTI,602,0,PU,A,Annual,Namibia,Bertelsmann Transformation Index: Level of Socioeconomic Development,Not applicable,Not applicable,Not applicable,0-10 scale,Not Applicable,Not Applicable,Not Applicable,Index,The Bertelsmann Stiftung’s Transformation Index (BTI),CCYY,Units,Normal value,Public,4.0,4.0,3.0,3.0,3.0,3.0,3.0,3.0,3.0,3.0,3.0
datastructure,WB.DATA360:DS_DATA360(1.2),I,A,GEO,BS_BTI_Q6,_Z,_Z,_Z,0_TO_10,_Z,_Z,_Z,IX,BS_BTI,602,0,PU,A,Annual,Georgia,Bertelsmann Transformation Index: Level of Socioeconomic Development,Not applicable,Not applicable,Not applicable,0-10 scale,Not Applicable,Not Applicable,Not Applicable,Index,The Bertelsmann Stiftung’s Transformation Index (BTI),CCYY,Units,Normal value,Public,4.0,4.0,4.0,4.0,4.0,4.0,4.0,5.0,5.0,5.0,5.0
datastructure,WB.DATA360:DS_DATA360(1.2),I,A,SYR,BS_BTI_Q6,_Z,_Z,_Z,0_TO_10,_Z,_Z,_Z,IX,BS_BTI,602,0,PU,A,Annual,Syrian Arab Republic,Bertelsmann Transformation Index: Level of Socioeconomic Development,Not applicable,Not applicable,Not applicable,0-10 scale,Not Applicable,Not Applicable,Not Applicable,Index,The Bertelsmann Stiftung’s Transformation Index (BTI),CCYY,Units,Normal value,Public,4.0,4.0,4.0,3.0,2.0,1.0,1.0,1.0,1.0,1.0,1.0
datastructure,WB.DATA360:DS_DATA360(1.2),I,A,ARE,BS_BTI_Q6,_Z,_Z,_Z,0_TO_10,_Z,_Z,_Z,IX,BS_BTI,602,0,PU,A,Annual,United Arab Emirates,Bertelsmann Transformation Index: Level of Socioeconomic Development,Not applicable,Not applicable,Not applicable,0-10 scale,Not Applicable,Not Applicable,Not Applicable,Index,The Bertelsmann Stiftung’s Transformation Index (BTI),CCYY,Units,Normal value,Public,7.0,7.0,7.0,7.0,8.0,8.0,8.0,8.0,8.0,8.0,8.0
datastructure,WB.DATA360:DS_DATA360(1.2),I,A,HND,BS_BTI_Q6,_Z,_Z,_Z,0_TO_10,_Z,_Z,_Z,IX,BS_BTI,602,0,PU,A,Annual,Honduras,Bertelsmann Transformation Index: Level of Socioeconomic Development,Not applicable,Not applicable,Not applicable,0-10 scale,Not Applicable,Not Applicable,Not Applicable,Index,The Bertelsmann Stiftung’s Transformation Index (BTI),CCYY,Units,Normal value,Public,3.0,3.0,3.0,3.0,3.0,3.0,3.0,3.0,3.0,3.0,3.0
datastructure,WB.DATA360:DS_DATA360(1.2),I,A,HTI,BS_BTI_Q6,_Z,_Z,_Z,0_TO_10,_Z,_Z,_Z,IX,BS_BTI,602,0,PU,A,Annual,Haiti,Bertelsmann Transformation Index: Level of Socioeconomic Development,Not applicable,Not applicable,Not applicable,0-10 scale,Not Applicable,Not Applicable,Not Applicable,Index,The Bertelsmann Stiftung’s Transformation Index (BTI),CCYY,Units,Normal value,Public,1.0,1.0,1.0,1.0,1.0,1.0,1.0,1.0,1.0,1.0,1.0
datastructure,WB.DATA360:DS_DATA360(1.2),I,A,VNM,BS_BTI_Q6,_Z,_Z,_Z,0_TO_10,_Z,_Z,_Z,IX,BS_BTI,602,0,PU,A,Annual,Viet Nam,Bertelsmann Transformation Index: Level of Socioeconomic Development,Not applicable,Not applicable,Not applicable,0-10 scale,Not Applicable,Not Applicable,Not Applicable,Index,The Bertelsmann Stiftung’s Transformation Index (BTI),CCYY,Units,Normal value,Public,5.0,5.0,5.0,5.0,5.0,5.0,5.0,5.0,5.0,5.0,5.0
datastructure,WB.DATA360:DS_DATA360(1.2),I,A,COD,BS_BTI_Q6,_Z,_Z,_Z,0_TO_10,_Z,_Z,_Z,IX,BS_BTI,602,0,PU,A,Annual,"Congo, Dem. Rep.",Bertelsmann Transformation Index: Level of Socioeconomic Development,Not applicable,Not applicable,Not applicable,0-10 scale,Not Applicable,Not Applicable,Not Applicable,Index,The Bertelsmann Stiftung’s Transformation Index (BTI),CCYY,Units,Normal value,Public,1.0,1.0,1.0,1.0,1.0,1.0,1.0,1.0,1.0,1.0,1.0
datastructure,WB.DATA360:DS_DATA360(1.2),I,A,MUS,BS_BTI_Q6,_Z,_Z,_Z,0_TO_10,_Z,_Z,_Z,IX,BS_BTI,602,0,PU,A,Annual,Mauritius,Bertelsmann Transformation Index: Level of Socioeconomic Development,Not applicable,Not applicable,Not applicable,0-10 scale,Not Applicable,Not Applicable,Not Applicable,Index,The Bertelsmann Stiftung’s Transformation Index (BTI),CCYY,Units,Normal value,Public,6.0,8.0,7.0,7.0,7.0,7.0,7.0,6.0,7.0,7.0,7.0
datastructure,WB.DATA360:DS_DATA360(1.2),I,A,KAZ,BS_BTI_Q6,_Z,_Z,_Z,0_TO_10,_Z,_Z,_Z,IX,BS_BTI,602,0,PU,A,Annual,Kazakhstan,Bertelsmann Transformation Index: Level of Socioeconomic Development,Not applicable,Not applicable,Not applicable,0-10 scale,Not Applicable,Not Applicable,Not Applicable,Index,The Bertelsmann Stiftung’s Transformation Index (BTI),CCYY,Units,Normal value,Public,6.0,5.0,5.0,5.0,5.0,5.0,5.0,6.0,6.0,7.0,7.0
datastructure,WB.DATA360:DS_DATA360(1.2),I,A,PNG,BS_BTI_Q6,_Z,_Z,_Z,0_TO_10,_Z,_Z,_Z,IX,BS_BTI,602,0,PU,A,Annual,Papua New Guinea,Bertelsmann Transformation Index: Level of Socioeconomic Development,Not applicable,Not applicable,Not applicable,0-10 scale,Not Applicable,Not Applicable,Not Applicable,Index,The Bertelsmann Stiftung’s Transformation Index (BTI),CCYY,Units,Normal value,Public,4.0,4.0,4.0,4.0,4.0,3.0,3.0,3.0,3.0,3.0,3.0
datastructure,WB.DATA360:DS_DATA360(1.2),I,A,UZB,BS_BTI_Q6,_Z,_Z,_Z,0_TO_10,_Z,_Z,_Z,IX,BS_BTI,602,0,PU,A,Annual,Uzbekistan,Bertelsmann Transformation Index: Level of Socioeconomic Development,Not applicable,Not applicable,Not applicable,0-10 scale,Not Applicable,Not Applicable,Not Applicable,Index,The Bertelsmann Stiftung’s Transformation Index (BTI),CCYY,Units,Normal value,Public,4.0,3.0,3.0,2.0,3.0,4.0,4.0,4.0,4.0,4.0,4.0
datastructure,WB.DATA360:DS_DATA360(1.2),I,A,BIH,BS_BTI_Q6,_Z,_Z,_Z,0_TO_10,_Z,_Z,_Z,IX,BS_BTI,602,0,PU,A,Annual,Bosnia and Herzegovina,Bertelsmann Transformation Index: Level of Socioeconomic Development,Not applicable,Not applicable,Not applicable,0-10 scale,Not Applicable,Not Applicable,Not Applicable,Index,The Bertelsmann Stiftung’s Transformation Index (BTI),CCYY,Units,Normal value,Public,6.0,6.0,6.0,6.0,6.0,6.0,6.0,6.0,6.0,6.0,6.0
datastructure,WB.DATA360:DS_DATA360(1.2),I,A,TZA,BS_BTI_Q6,_Z,_Z,_Z,0_TO_10,_Z,_Z,_Z,IX,BS_BTI,602,0,PU,A,Annual,Tanzania,Bertelsmann Transformation Index: Level of Socioeconomic Development,Not applicable,Not applicable,Not applicable,0-10 scale,Not Applicable,Not Applicable,Not Applicable,Index,The Bertelsmann Stiftung’s Transformation Index (BTI),CCYY,Units,Normal value,Public,4.0,3.0,3.0,3.0,3.0,3.0,3.0,3.0,3.0,2.0,2.0
datastructure,WB.DATA360:DS_DATA360(1.2),I,A,LBY,BS_BTI_Q6,_Z,_Z,_Z,0_TO_10,_Z,_Z,_Z,IX,BS_BTI,602,0,PU,A,Annual,Libya,Bertelsmann Transformation Index: Level of Socioeconomic Development,Not applicable,Not applicable,Not applicable,0-10 scale,Not Applicable,Not Applicable,Not Applicable,Index,The Bertelsmann Stiftung’s Transformation Index (BTI),CCYY,Units,Normal value,Public,6.0,6.0,6.0,6.0,5.0,3.0,3.0,3.0,3.0,2.0,2.0
datastructure,WB.DATA360:DS_DATA360(1.2),I,A,LTU,BS_BTI_Q6,_Z,_Z,_Z,0_TO_10,_Z,_Z,_Z,IX,BS_BTI,602,0,PU,A,Annual,Lithuania,Bertelsmann Transformation Index: Level of Socioeconomic Development,Not applicable,Not applicable,Not applicable,0-10 scale,Not Applicable,Not Applicable,Not Applicable,Index,The Bertelsmann Stiftung’s Transformation Index (BTI),CCYY,Units,Normal value,Public,8.0,8.0,8.0,8.0,8.0,8.0,8.0,8.0,8.0,8.0,8.0
datastructure,WB.DATA360:DS_DATA360(1.2),I,A,YEM,BS_BTI_Q6,_Z,_Z,_Z,0_TO_10,_Z,_Z,_Z,IX,BS_BTI,602,0,PU,A,Annual,"Yemen, Rep.",Bertelsmann Transformation Index: Level of Socioeconomic Development,Not applicable,Not applicable,Not applicable,0-10 scale,Not Applicable,Not Applicable,Not Applicable,Index,The Bertelsmann Stiftung’s Transformation Index (BTI),CCYY,Units,Normal value,Public,1.0,1.0,2.0,2.0,1.0,1.0,1.0,1.0,1.0,1.0,1.0
datastructure,WB.DATA360:DS_DATA360(1.2),I,A,ERI,BS_BTI_Q6,_Z,_Z,_Z,0_TO_10,_Z,_Z,_Z,IX,BS_BTI,602,0,PU,A,Annual,Eritrea,Bertelsmann Transformation Index: Level of Socioeconomic Development,Not applicable,Not applicable,Not applicable,0-10 scale,Not Applicable,Not Applicable,Not Applicable,Index,The Bertelsmann Stiftung’s Transformation Index (BTI),CCYY,Units,Normal value,Public,2.0,2.0,3.0,1.0,1.0,1.0,1.0,1.0,1.0,1.0,1.0
datastructure,WB.DATA360:DS_DATA360(1.2),I,A,MDA,BS_BTI_Q6,_Z,_Z,_Z,0_TO_10,_Z,_Z,_Z,IX,BS_BTI,602,0,PU,A,Annual,Moldova,Bertelsmann Transformation Index: Level of Socioeconomic Development,Not applicable,Not applicable,Not applicable,0-10 scale,Not Applicable,Not Applicable,Not Applicable,Index,The Bertelsmann Stiftung’s Transformation Index (BTI),CCYY,Units,Normal value,Public,3.0,3.0,3.0,3.0,3.0,4.0,4.0,4.0,4.0,4.0,4.0
datastructure,WB.DATA360:DS_DATA360(1.2),I,A,LBR,BS_BTI_Q6,_Z,_Z,_Z,0_TO_10,_Z,_Z,_Z,IX,BS_BTI,602,0,PU,A,Annual,Liberia,Bertelsmann Transformation Index: Level of Socioeconomic Development,Not applicable,Not applicable,Not applicable,0-10 scale,Not Applicable,Not Applicable,Not Applicable,Index,The Bertelsmann Stiftung’s Transformation Index (BTI),CCYY,Units,Normal value,Public,1.0,1.0,1.0,1.0,1.0,1.0,1.0,1.0,1.0,1.0,1.0
datastructure,WB.DATA360:DS_DATA360(1.2),I,A,CMR,BS_BTI_Q6,_Z,_Z,_Z,0_TO_10,_Z,_Z,_Z,IX,BS_BTI,602,0,PU,A,Annual,Cameroon,Bertelsmann Transformation Index: Level of Socioeconomic Development,Not applicable,Not applicable,Not applicable,0-10 scale,Not Applicable,Not Applicable,Not Applicable,Index,The Bertelsmann Stiftung’s Transformation Index (BTI),CCYY,Units,Normal value,Public,3.0,3.0,3.0,3.0,3.0,3.0,3.0,3.0,3.0,3.0,3.0
datastructure,WB.DATA360:DS_DATA360(1.2),I,A,KEN,BS_BTI_Q6,_Z,_Z,_Z,0_TO_10,_Z,_Z,_Z,IX,BS_BTI,602,0,PU,A,Annual,Kenya,Bertelsmann Transformation Index: Level of Socioeconomic Development,Not applicable,Not applicable,Not applicable,0-10 scale,Not Applicable,Not Applicable,Not Applicable,Index,The Bertelsmann Stiftung’s Transformation Index (BTI),CCYY,Units,Normal value,Public,2.0,2.0,2.0,2.0,2.0,3.0,3.0,3.0,3.0,3.0,3.0
datastructure,WB.DATA360:DS_DATA360(1.2),I,A,TCD,BS_BTI_Q6,_Z,_Z,_Z,0_TO_10,_Z,_Z,_Z,IX,BS_BTI,602,0,PU,A,Annual,Chad,Bertelsmann Transformation Index: Level of Socioeconomic Development,Not applicable,Not applicable,Not applicable,0-10 scale,Not Applicable,Not Applicable,Not Applicable,Index,The Bertelsmann Stiftung’s Transformation Index (BTI),CCYY,Units,Normal value,Public,1.0,1.0,1.0,1.0,1.0,1.0,1.0,1.0,1.0,1.0,1.0
datastructure,WB.DATA360:DS_DATA360(1.2),I,A,GIN,BS_BTI_Q6,_Z,_Z,_Z,0_TO_10,_Z,_Z,_Z,IX,BS_BTI,602,0,PU,A,Annual,Guinea,Bertelsmann Transformation Index: Level of Socioeconomic Development,Not applicable,Not applicable,Not applicable,0-10 scale,Not Applicable,Not Applicable,Not Applicable,Index,The Bertelsmann Stiftung’s Transformation Index (BTI),CCYY,Units,Normal value,Public,2.0,1.0,2.0,1.0,1.0,1.0,1.0,1.0,1.0,1.0,1.0
datastructure,WB.DATA360:DS_DATA360(1.2),I,A,NER,BS_BTI_Q6,_Z,_Z,_Z,0_TO_10,_Z,_Z,_Z,IX,BS_BTI,602,0,PU,A,Annual,Niger,Bertelsmann Transformation Index: Level of Socioeconomic Development,Not applicable,Not applicable,Not applicable,0-10 scale,Not Applicable,Not Applicable,Not Applicable,Index,The Bertelsmann Stiftung’s Transformation Index (BTI),CCYY,Units,Normal value,Public,1.0,1.0,1.0,1.0,1.0,1.0,1.0,1.0,1.0,1.0,1.0
datastructure,WB.DATA360:DS_DATA360(1.2),I,A,MWI,BS_BTI_Q6,_Z,_Z,_Z,0_TO_10,_Z,_Z,_Z,IX,BS_BTI,602,0,PU,A,Annual,Malawi,Bertelsmann Transformation Index: Level of Socioeconomic Development,Not applicable,Not applicable,Not applicable,0-10 scale,Not Applicable,Not Applicable,Not Applicable,Index,The Bertelsmann Stiftung’s Transformation Index (BTI),CCYY,Units,Normal value,Public,1.0,1.0,2.0,2.0,3.0,2.0,2.0,2.0,1.0,1.0,1.0
datastructure,WB.DATA360:DS_DATA360(1.2),I,A,ARG,BS_BTI_Q6,_Z,_Z,_Z,0_TO_10,_Z,_Z,_Z,IX,BS_BTI,602,0,PU,A,Annual,Argentina,Bertelsmann Transformation Index: Level of Socioeconomic Development,Not applicable,Not applicable,Not applicable,0-10 scale,Not Applicable,Not Applicable,Not Applicable,Index,The Bertelsmann Stiftung’s Transformation Index (BTI),CCYY,Units,Normal value,Public,7.0,7.0,7.0,7.0,7.0,7.0,7.0,7.0,6.0,6.0,5.0
datastructure,WB.DATA360:DS_DATA360(1.2),I,A,GHA,BS_BTI_Q6,_Z,_Z,_Z,0_TO_10,_Z,_Z,_Z,IX,BS_BTI,602,0,PU,A,Annual,Ghana,Bertelsmann Transformation Index: Level of Socioeconomic Development,Not applicable,Not applicable,Not applicable,0-10 scale,Not Applicable,Not Applicable,Not Applicable,Index,The Bertelsmann Stiftung’s Transformation Index (BTI),CCYY,Units,Normal value,Public,5.0,5.0,5.0,5.0,5.0,4.0,4.0,4.0,4.0,4.0,4.0
datastructure,WB.DATA360:DS_DATA360(1.2),I,A,IDN,BS_BTI_Q6,_Z,_Z,_Z,0_TO_10,_Z,_Z,_Z,IX,BS_BTI,602,0,PU,A,Annual,Indonesia,Bertelsmann Transformation Index: Level of Socioeconomic Development,Not applicable,Not applicable,Not applicable,0-10 scale,Not Applicable,Not Applicable,Not Applicable,Index,The Bertelsmann Stiftung’s Transformation Index (BTI),CCYY,Units,Normal value,Public,6.0,6.0,6.0,6.0,5.0,5.0,5.0,5.0,5.0,5.0,5.0
datastructure,WB.DATA360:DS_DATA360(1.2),I,A,TGO,BS_BTI_Q6,_Z,_Z,_Z,0_TO_10,_Z,_Z,_Z,IX,BS_BTI,602,0,PU,A,Annual,Togo,Bertelsmann Transformation Index: Level of Socioeconomic Development,Not applicable,Not applicable,Not applicable,0-10 scale,Not Applicable,Not Applicable,Not Applicable,Index,The Bertelsmann Stiftung’s Transformation Index (BTI),CCYY,Units,Normal value,Public,2.0,2.0,2.0,2.0,2.0,2.0,2.0,2.0,2.0,2.0,2.0
datastructure,WB.DATA360:DS_DATA360(1.2),I,A,MNE,BS_BTI_Q6,_Z,_Z,_Z,0_TO_10,_Z,_Z,_Z,IX,BS_BTI,602,0,PU,A,Annual,Montenegro,Bertelsmann Transformation Index: Level of Socioeconomic Development,Not applicable,Not applicable,Not applicable,0-10 scale,Not Applicable,Not Applicable,Not Applicable,Index,The Bertelsmann Stiftung’s Transformation Index (BTI),CCYY,Units,Normal value,Public,,6.0,6.0,6.0,7.0,7.0,7.0,7.0,6.0,6.0,7.0
datastructure,WB.DATA360:DS_DATA360(1.2),I,A,MNG,BS_BTI_Q6,_Z,_Z,_Z,0_TO_10,_Z,_Z,_Z,IX,BS_BTI,602,0,PU,A,Annual,Mongolia,Bertelsmann Transformation Index: Level of Socioeconomic Development,Not applicable,Not applicable,Not applicable,0-10 scale,Not Applicable,Not Applicable,Not Applicable,Index,The Bertelsmann Stiftung’s Transformation Index (BTI),CCYY,Units,Normal value,Public,3.0,3.0,3.0,3.0,3.0,5.0,5.0,5.0,4.0,4.0,4.0
datastructure,WB.DATA360:DS_DATA360(1.2),I,A,MEX,BS_BTI_Q6,_Z,_Z,_Z,0_TO_10,_Z,_Z,_Z,IX,BS_BTI,602,0,PU,A,Annual,Mexico,Bertelsmann Transformation Index: Level of Socioeconomic Development,Not applicable,Not applicable,Not applicable,0-10 scale,Not Applicable,Not Applicable,Not Applicable,Index,The Bertelsmann Stiftung’s Transformation Index (BTI),CCYY,Units,Normal value,Public,6.0,6.0,6.0,6.0,6.0,6.0,6.0,6.0,6.0,5.0,6.0
datastructure,WB.DATA360:DS_DATA360(1.2),I,A,BHR,BS_BTI_Q6,_Z,_Z,_Z,0_TO_10,_Z,_Z,_Z,IX,BS_BTI,602,0,PU,A,Annual,Bahrain,Bertelsmann Transformation Index: Level of Socioeconomic Development,Not applicable,Not applicable,Not applicable,0-10 scale,Not Applicable,Not Applicable,Not Applicable,Index,The Bertelsmann Stiftung’s Transformation Index (BTI),CCYY,Units,Normal value,Public,8.0,7.0,6.0,6.0,6.0,5.0,5.0,5.0,5.0,5.0,5.0
datastructure,WB.DATA360:DS_DATA360(1.2),I,A,TKM,BS_BTI_Q6,_Z,_Z,_Z,0_TO_10,_Z,_Z,_Z,IX,BS_BTI,602,0,PU,A,Annual,Turkmenistan,Bertelsmann Transformation Index: Level of Socioeconomic Development,Not applicable,Not applicable,Not applicable,0-10 scale,Not Applicable,Not Applicable,Not Applicable,Index,The Bertelsmann Stiftung’s Transformation Index (BTI),CCYY,Units,Normal value,Public,4.0,4.0,4.0,4.0,4.0,4.0,3.0,2.0,2.0,2.0,2.0
datastructure,WB.DATA360:DS_DATA360(1.2),I,A,UKR,BS_BTI_Q6,_Z,_Z,_Z,0_TO_10,_Z,_Z,_Z,IX,BS_BTI,602,0,PU,A,Annual,Ukraine,Bertelsmann Transformation Index: Level of Socioeconomic Development,Not applicable,Not applicable,Not applicable,0-10 scale,Not Applicable,Not Applicable,Not Applicable,Index,The Bertelsmann Stiftung’s Transformation Index (BTI),CCYY,Units,Normal value,Public,6.0,5.0,5.0,5.0,6.0,5.0,5.0,6.0,7.0,5.0,4.0
datastructure,WB.DATA360:DS_DATA360(1.2),I,A,KGZ,BS_BTI_Q6,_Z,_Z,_Z,0_TO_10,_Z,_Z,_Z,IX,BS_BTI,602,0,PU,A,Annual,Kyrgyz Republic,Bertelsmann Transformation Index: Level of Socioeconomic Development,Not applicable,Not applicable,Not applicable,0-10 scale,Not Applicable,Not Applicable,Not Applicable,Index,The Bertelsmann Stiftung’s Transformation Index (BTI),CCYY,Units,Normal value,Public,4.0,4.0,4.0,4.0,4.0,4.0,4.0,4.0,4.0,4.0,4.0
datastructure,WB.DATA360:DS_DATA360(1.2),I,A,BOL,BS_BTI_Q6,_Z,_Z,_Z,0_TO_10,_Z,_Z,_Z,IX,BS_BTI,602,0,PU,A,Annual,Bolivia,Bertelsmann Transformation Index: Level of Socioeconomic Development,Not applicable,Not applicable,Not applicable,0-10 scale,Not Applicable,Not Applicable,Not Applicable,Index,The Bertelsmann Stiftung’s Transformation Index (BTI),CCYY,Units,Normal value,Public,3.0,3.0,3.0,3.0,4.0,4.0,4.0,4.0,4.0,4.0,4.0
datastructure,WB.DATA360:DS_DATA360(1.2),I,A,MAR,BS_BTI_Q6,_Z,_Z,_Z,0_TO_10,_Z,_Z,_Z,IX,BS_BTI,602,0,PU,A,Annual,Morocco,Bertelsmann Transformation Index: Level of Socioeconomic Development,Not applicable,Not applicable,Not applicable,0-10 scale,Not Applicable,Not Applicable,Not Applicable,Index,The Bertelsmann Stiftung’s Transformation Index (BTI),CCYY,Units,Normal value,Public,3.0,3.0,3.0,3.0,3.0,3.0,3.0,3.0,4.0,3.0,3.0
datastructure,WB.DATA360:DS_DATA360(1.2),I,A,NPL,BS_BTI_Q6,_Z,_Z,_Z,0_TO_10,_Z,_Z,_Z,IX,BS_BTI,602,0,PU,A,Annual,Nepal,Bertelsmann Transformation Index: Level of Socioeconomic Development,Not applicable,Not applicable,Not applicable,0-10 scale,Not Applicable,Not Applicable,Not Applicable,Index,The Bertelsmann Stiftung’s Transformation Index (BTI),CCYY,Units,Normal value,Public,4.0,3.0,2.0,2.0,2.0,2.0,2.0,3.0,3.0,3.0,3.0
datastructure,WB.DATA360:DS_DATA360(1.2),I,A,VEN,BS_BTI_Q6,_Z,_Z,_Z,0_TO_10,_Z,_Z,_Z,IX,BS_BTI,602,0,PU,A,Annual,"Venezuela, RB",Bertelsmann Transformation Index: Level of Socioeconomic Development,Not applicable,Not applicable,Not applicable,0-10 scale,Not Applicable,Not Applicable,Not Applicable,Index,The Bertelsmann Stiftung’s Transformation Index (BTI),CCYY,Units,Normal value,Public,5.0,5.0,6.0,6.0,6.0,6.0,4.0,3.0,2.0,2.0,3.0
datastructure,WB.DATA360:DS_DATA360(1.2),I,A,KWT,BS_BTI_Q6,_Z,_Z,_Z,0_TO_10,_Z,_Z,_Z,IX,BS_BTI,602,0,PU,A,Annual,Kuwait,Bertelsmann Transformation Index: Level of Socioeconomic Development,Not applicable,Not applicable,Not applicable,0-10 scale,Not Applicable,Not Applicable,Not Applicable,Index,The Bertelsmann Stiftung’s Transformation Index (BTI),CCYY,Units,Normal value,Public,,7.0,8.0,8.0,8.0,8.0,7.0,7.0,7.0,7.0,7.0
datastructure,WB.DATA360:DS_DATA360(1.2),I,A,ALB,BS_BTI_Q6,_Z,_Z,_Z,0_TO_10,_Z,_Z,_Z,IX,BS_BTI,602,0,PU,A,Annual,Albania,Bertelsmann Transformation Index: Level of Socioeconomic Development,Not applicable,Not applicable,Not applicable,0-10 scale,Not Applicable,Not Applicable,Not Applicable,Index,The Bertelsmann Stiftung’s Transformation Index (BTI),CCYY,Units,Normal value,Public,5.0,6.0,6.0,6.0,5.0,5.0,6.0,6.0,5.0,6.0,6.0
datastructure,WB.DATA360:DS_DATA360(1.2),I,A,JAM,BS_BTI_Q6,_Z,_Z,_Z,0_TO_10,_Z,_Z,_Z,IX,BS_BTI,602,0,PU,A,Annual,Jamaica,Bertelsmann Transformation Index: Level of Socioeconomic Development,Not applicable,Not applicable,Not applicable,0-10 scale,Not Applicable,Not Applicable,Not Applicable,Index,The Bertelsmann Stiftung’s Transformation Index (BTI),CCYY,Units,Normal value,Public,6.0,6.0,6.0,6.0,5.0,5.0,5.0,5.0,5.0,5.0,5.0
datastructure,WB.DATA360:DS_DATA360(1.2),I,A,LKA,BS_BTI_Q6,_Z,_Z,_Z,0_TO_10,_Z,_Z,_Z,IX,BS_BTI,602,0,PU,A,Annual,Sri Lanka,Bertelsmann Transformation Index: Level of Socioeconomic Development,Not applicable,Not applicable,Not applicable,0-10 scale,Not Applicable,Not Applicable,Not Applicable,Index,The Bertelsmann Stiftung’s Transformation Index (BTI),CCYY,Units,Normal value,Public,6.0,6.0,5.0,6.0,6.0,6.0,6.0,6.0,5.0,4.0,4.0
datastructure,WB.DATA360:DS_DATA360(1.2),I,A,BFA,BS_BTI_Q6,_Z,_Z,_Z,0_TO_10,_Z,_Z,_Z,IX,BS_BTI,602,0,PU,A,Annual,Burkina Faso,Bertelsmann Transformation Index: Level of Socioeconomic Development,Not applicable,Not applicable,Not applicable,0-10 scale,Not Applicable,Not Applicable,Not Applicable,Index,The Bertelsmann Stiftung’s Transformation Index (BTI),CCYY,Units,Normal value,Public,1.0,1.0,1.0,1.0,1.0,1.0,1.0,1.0,1.0,1.0,1.0
datastructure,WB.DATA360:DS_DATA360(1.2),I,A,PAK,BS_BTI_Q6,_Z,_Z,_Z,0_TO_10,_Z,_Z,_Z,IX,BS_BTI,602,0,PU,A,Annual,Pakistan,Bertelsmann Transformation Index: Level of Socioeconomic Development,Not applicable,Not applicable,Not applicable,0-10 scale,Not Applicable,Not Applicable,Not Applicable,Index,The Bertelsmann Stiftung’s Transformation Index (BTI),CCYY,Units,Normal value,Public,4.0,4.0,3.0,3.0,3.0,3.0,3.0,3.0,3.0,3.0,3.0
datastructure,WB.DATA360:DS_DATA360(1.2),I,A,SVK,BS_BTI_Q6,_Z,_Z,_Z,0_TO_10,_Z,_Z,_Z,IX,BS_BTI,602,0,PU,A,Annual,Slovak Republic,Bertelsmann Transformation Index: Level of Socioeconomic Development,Not applicable,Not applicable,Not applicable,0-10 scale,Not Applicable,Not Applicable,Not Applicable,Index,The Bertelsmann Stiftung’s Transformation Index (BTI),CCYY,Units,Normal value,Public,9.0,9.0,8.0,9.0,9.0,9.0,9.0,9.0,9.0,9.0,8.0
datastructure,WB.DATA360:DS_DATA360(1.2),I,A,DJI,BS_BTI_Q6,_Z,_Z,_Z,0_TO_10,_Z,_Z,_Z,IX,BS_BTI,602,0,PU,A,Annual,Djibouti,Bertelsmann Transformation Index: Level of Socioeconomic Development,Not applicable,Not applicable,Not applicable,0-10 scale,Not Applicable,Not Applicable,Not Applicable,Index,The Bertelsmann Stiftung’s Transformation Index (BTI),CCYY,Units,Normal value,Public,,,,,,,,2.0,2.0,2.0,2.0
datastructure,WB.DATA360:DS_DATA360(1.2),I,A,ECU,BS_BTI_Q6,_Z,_Z,_Z,0_TO_10,_Z,_Z,_Z,IX,BS_BTI,602,0,PU,A,Annual,Ecuador,Bertelsmann Transformation Index: Level of Socioeconomic Development,Not applicable,Not applicable,Not applicable,0-10 scale,Not Applicable,Not Applicable,Not Applicable,Index,The Bertelsmann Stiftung’s Transformation Index (BTI),CCYY,Units,Normal value,Public,4.0,4.0,4.0,4.0,5.0,5.0,5.0,5.0,5.0,5.0,5.0
datastructure,WB.DATA360:DS_DATA360(1.2),I,A,NGA,BS_BTI_Q6,_Z,_Z,_Z,0_TO_10,_Z,_Z,_Z,IX,BS_BTI,602,0,PU,A,Annual,Nigeria,Bertelsmann Transformation Index: Level of Socioeconomic Development,Not applicable,Not applicable,Not applicable,0-10 scale,Not Applicable,Not Applicable,Not Applicable,Index,The Bertelsmann Stiftung’s Transformation Index (BTI),CCYY,Units,Normal value,Public,2.0,2.0,2.0,2.0,2.0,2.0,2.0,2.0,2.0,2.0,2.0
datastructure,WB.DATA360:DS_DATA360(1.2),I,A,LAO,BS_BTI_Q6,_Z,_Z,_Z,0_TO_10,_Z,_Z,_Z,IX,BS_BTI,602,0,PU,A,Annual,Lao PDR,Bertelsmann Transformation Index: Level of Socioeconomic Development,Not applicable,Not applicable,Not applicable,0-10 scale,Not Applicable,Not Applicable,Not Applicable,Index,The Bertelsmann Stiftung’s Transformation Index (BTI),CCYY,Units,Normal value,Public,3.0,4.0,4.0,4.0,4.0,4.0,4.0,4.0,4.0,4.0,4.0
datastructure,WB.DATA360:DS_DATA360(1.2),I,A,AZE,BS_BTI_Q6,_Z,_Z,_Z,0_TO_10,_Z,_Z,_Z,IX,BS_BTI,602,0,PU,A,Annual,Azerbaijan,Bertelsmann Transformation Index: Level of Socioeconomic Development,Not applicable,Not applicable,Not applicable,0-10 scale,Not Applicable,Not Applicable,Not Applicable,Index,The Bertelsmann Stiftung’s Transformation Index (BTI),CCYY,Units,Normal value,Public,5.0,4.0,5.0,5.0,5.0,5.0,4.0,5.0,5.0,5.0,5.0
datastructure,WB.DATA360:DS_DATA360(1.2),I,A,OMN,BS_BTI_Q6,_Z,_Z,_Z,0_TO_10,_Z,_Z,_Z,IX,BS_BTI,602,0,PU,A,Annual,Oman,Bertelsmann Transformation Index: Level of Socioeconomic Development,Not applicable,Not applicable,Not applicable,0-10 scale,Not Applicable,Not Applicable,Not Applicable,Index,The Bertelsmann Stiftung’s Transformation Index (BTI),CCYY,Units,Normal value,Public,,7.0,7.0,7.0,6.0,6.0,5.0,5.0,5.0,4.0,4.0
datastructure,WB.DATA360:DS_DATA360(1.2),I,A,MDG,BS_BTI_Q6,_Z,_Z,_Z,0_TO_10,_Z,_Z,_Z,IX,BS_BTI,602,0,PU,A,Annual,Madagascar,Bertelsmann Transformation Index: Level of Socioeconomic Development,Not applicable,Not applicable,Not applicable,0-10 scale,Not Applicable,Not Applicable,Not Applicable,Index,The Bertelsmann Stiftung’s Transformation Index (BTI),CCYY,Units,Normal value,Public,2.0,3.0,2.0,2.0,2.0,2.0,2.0,2.0,1.0,1.0,1.0
datastructure,WB.DATA360:DS_DATA360(1.2),I,A,RUS,BS_BTI_Q6,_Z,_Z,_Z,0_TO_10,_Z,_Z,_Z,IX,BS_BTI,602,0,PU,A,Annual,Russian Federation,Bertelsmann Transformation Index: Level of Socioeconomic Development,Not applicable,Not applicable,Not applicable,0-10 scale,Not Applicable,Not Applicable,Not Applicable,Index,The Bertelsmann Stiftung’s Transformation Index (BTI),CCYY,Units,Normal value,Public,6.0,6.0,6.0,6.0,6.0,7.0,7.0,7.0,7.0,6.0,6.0
datastructure,WB.DATA360:DS_DATA360(1.2),I,A,UGA,BS_BTI_Q6,_Z,_Z,_Z,0_TO_10,_Z,_Z,_Z,IX,BS_BTI,602,0,PU,A,Annual,Uganda,Bertelsmann Transformation Index: Level of Socioeconomic Development,Not applicable,Not applicable,Not applicable,0-10 scale,Not Applicable,Not Applicable,Not Applicable,Index,The Bertelsmann Stiftung’s Transformation Index (BTI),CCYY,Units,Normal value,Public,3.0,3.0,4.0,4.0,3.0,3.0,3.0,3.0,3.0,2.0,3.0
datastructure,WB.DATA360:DS_DATA360(1.2),I,A,RWA,BS_BTI_Q6,_Z,_Z,_Z,0_TO_10,_Z,_Z,_Z,IX,BS_BTI,602,0,PU,A,Annual,Rwanda,Bertelsmann Transformation Index: Level of Socioeconomic Development,Not applicable,Not applicable,Not applicable,0-10 scale,Not Applicable,Not Applicable,Not Applicable,Index,The Bertelsmann Stiftung’s Transformation Index (BTI),CCYY,Units,Normal value,Public,2.0,2.0,2.0,2.0,3.0,3.0,3.0,3.0,3.0,2.0,3.0
datastructure,WB.DATA360:DS_DATA360(1.2),I,A,JOR,BS_BTI_Q6,_Z,_Z,_Z,0_TO_10,_Z,_Z,_Z,IX,BS_BTI,602,0,PU,A,Annual,Jordan,Bertelsmann Transformation Index: Level of Socioeconomic Development,Not applicable,Not applicable,Not applicable,0-10 scale,Not Applicable,Not Applicable,Not Applicable,Index,The Bertelsmann Stiftung’s Transformation Index (BTI),CCYY,Units,Normal value,Public,5.0,5.0,4.0,4.0,4.0,4.0,4.0,4.0,4.0,4.0,4.0
datastructure,WB.DATA360:DS_DATA360(1.2),I,A,SEN,BS_BTI_Q6,_Z,_Z,_Z,0_TO_10,_Z,_Z,_Z,IX,BS_BTI,602,0,PU,A,Annual,Senegal,Bertelsmann Transformation Index: Level of Socioeconomic Development,Not applicable,Not applicable,Not applicable,0-10 scale,Not Applicable,Not Applicable,Not Applicable,Index,The Bertelsmann Stiftung’s Transformation Index (BTI),CCYY,Units,Normal value,Public,2.0,2.0,2.0,2.0,2.0,2.0,2.0,2.0,2.0,2.0,2.0
datastructure,WB.DATA360:DS_DATA360(1.2),I,A,BEN,BS_BTI_Q6,_Z,_Z,_Z,0_TO_10,_Z,_Z,_Z,IX,BS_BTI,602,0,PU,A,Annual,Benin,Bertelsmann Transformation Index: Level of Socioeconomic Development,Not applicable,Not applicable,Not applicable,0-10 scale,Not Applicable,Not Applicable,Not Applicable,Index,The Bertelsmann Stiftung’s Transformation Index (BTI),CCYY,Units,Normal value,Public,2.0,2.0,2.0,3.0,3.0,2.0,2.0,2.0,2.0,2.0,2.0
datastructure,WB.DATA360:DS_DATA360(1.2),I,A,NIC,BS_BTI_Q6,_Z,_Z,_Z,0_TO_10,_Z,_Z,_Z,IX,BS_BTI,602,0,PU,A,Annual,Nicaragua,Bertelsmann Transformation Index: Level of Socioeconomic Development,Not applicable,Not applicable,Not applicable,0-10 scale,Not Applicable,Not Applicable,Not Applicable,Index,The Bertelsmann Stiftung’s Transformation Index (BTI),CCYY,Units,Normal value,Public,3.0,3.0,3.0,3.0,3.0,3.0,3.0,3.0,3.0,3.0,3.0
datastructure,WB.DATA360:DS_DATA360(1.2),I,A,KOR,BS_BTI_Q6,_Z,_Z,_Z,0_TO_10,_Z,_Z,_Z,IX,BS_BTI,602,0,PU,A,Annual,"Korea, Rep.",Bertelsmann Transformation Index: Level of Socioeconomic Development,Not applicable,Not applicable,Not applicable,0-10 scale,Not Applicable,Not Applicable,Not Applicable,Index,The Bertelsmann Stiftung’s Transformation Index (BTI),CCYY,Units,Normal value,Public,10.0,10.0,9.0,9.0,9.0,9.0,9.0,9.0,9.0,9.0,9.0
datastructure,WB.DATA360:DS_DATA360(1.2),I,A,CUB,BS_BTI_Q6,_Z,_Z,_Z,0_TO_10,_Z,_Z,_Z,IX,BS_BTI,602,0,PU,A,Annual,Cuba,Bertelsmann Transformation Index: Level of Socioeconomic Development,Not applicable,Not applicable,Not applicable,0-10 scale,Not Applicable,Not Applicable,Not Applicable,Index,The Bertelsmann Stiftung’s Transformation Index (BTI),CCYY,Units,Normal value,Public,6.0,7.0,7.0,6.0,6.0,6.0,6.0,5.0,5.0,4.0,3.0
datastructure,WB.DATA360:DS_DATA360(1.2),I,A,GNB,BS_BTI_Q6,_Z,_Z,_Z,0_TO_10,_Z,_Z,_Z,IX,BS_BTI,602,0,PU,A,Annual,Guinea-Bissau,Bertelsmann Transformation Index: Level of Socioeconomic Development,Not applicable,Not applicable,Not applicable,0-10 scale,Not Applicable,Not Applicable,Not Applicable,Index,The Bertelsmann Stiftung’s Transformation Index (BTI),CCYY,Units,Normal value,Public,,,,,,,,1.0,1.0,1.0,1.0
datastructure,WB.DATA360:DS_DATA360(1.2),I,A,ETH,BS_BTI_Q6,_Z,_Z,_Z,0_TO_10,_Z,_Z,_Z,IX,BS_BTI,602,0,PU,A,Annual,Ethiopia,Bertelsmann Transformation Index: Level of Socioeconomic Development,Not applicable,Not applicable,Not applicable,0-10 scale,Not Applicable,Not Applicable,Not Applicable,Index,The Bertelsmann Stiftung’s Transformation Index (BTI),CCYY,Units,Normal value,Public,3.0,1.0,2.0,1.0,2.0,2.0,2.0,1.0,1.0,1.0,2.0
datastructure,WB.DATA360:DS_DATA360(1.2),I,A,IRQ,BS_BTI_Q6,_Z,_Z,_Z,0_TO_10,_Z,_Z,_Z,IX,BS_BTI,602,0,PU,A,Annual,Iraq,Bertelsmann Transformation Index: Level of Socioeconomic Development,Not applicable,Not applicable,Not applicable,0-10 scale,Not Applicable,Not Applicable,Not Applicable,Index,The Bertelsmann Stiftung’s Transformation Index (BTI),CCYY,Units,Normal value,Public,2.0,2.0,3.0,3.0,3.0,3.0,3.0,3.0,2.0,2.0,3.0
datastructure,WB.DATA360:DS_DATA360(1.2),I,A,LSO,BS_BTI_Q6,_Z,_Z,_Z,0_TO_10,_Z,_Z,_Z,IX,BS_BTI,602,0,PU,A,Annual,Lesotho,Bertelsmann Transformation Index: Level of Socioeconomic Development,Not applicable,Not applicable,Not applicable,0-10 scale,Not Applicable,Not Applicable,Not Applicable,Index,The Bertelsmann Stiftung’s Transformation Index (BTI),CCYY,Units,Normal value,Public,,,2.0,2.0,2.0,2.0,2.0,2.0,2.0,2.0,3.0
datastructure,WB.DATA360:DS_DATA360(1.2),I,A,TWN,BS_BTI_Q6,_Z,_Z,_Z,0_TO_10,_Z,_Z,_Z,IX,BS_BTI,602,0,PU,A,Annual,"Taiwan, China",Bertelsmann Transformation Index: Level of Socioeconomic Development,Not applicable,Not applicable,Not applicable,0-10 scale,Not Applicable,Not Applicable,Not Applicable,Index,The Bertelsmann Stiftung’s Transformation Index (BTI),CCYY,Units,Normal value,Public,10.0,10.0,10.0,10.0,10.0,9.0,9.0,10.0,10.0,10.0,10.0
